{
  "total_rounds": 6,
  "avg_allocation": 36.666666666666664,
  "avg_generosity_ratio": 0.3666666666666667,
  "max_allocation": 50.0,
  "min_allocation": 20.0,
  "fully_generous": 0.0,
  "fully_selfish": 0.0,
  "fair_splits": 0.6666666666666666
}